Position,Const,Created,Modified,Description,Title,URL,Title Type,IMDb Rating,Runtime (mins),Year,Genres,Num Votes,Release Date,Directors
1,tt0111161,2013-06-24,2013-06-24,,The Shawshank Redemption,https://www.imdb.com/title/tt0111161/,movie,9.3,142,1994,Drama,2695395,1994-09-10,Frank Darabont
2,tt0110912,2013-06-24,2013-06-24,,Pulp Fiction,https://www.imdb.com/title/tt0110912/,movie,8.9,154,1994,"Crime, Drama",2069095,1994-05-21,Quentin Tarantino
3,tt0120689,2013-06-24,2013-06-24,,The Green Mile,https://www.imdb.com/title/tt0120689/,movie,8.6,189,1999,"Crime, Drama, Fantasy, Mystery",1310521,1999-12-06,Frank Darabont
4,tt0109830,2013-06-24,2013-06-24,,Forrest Gump,https://www.imdb.com/title/tt0109830/,movie,8.8,142,1994,"Drama, Romance",2093497,1994-06-23,Robert Zemeckis
5,tt1403865,2013-06-24,2013-06-24,,True Grit,https://www.imdb.com/title/tt1403865/,movie,7.6,110,2010,"Drama, Western",343006,2010-12-14,"Ethan Coen, Joel Coen"
6,tt0167404,2013-06-24,2013-06-24,,The Sixth Sense,https://www.imdb.com/title/tt0167404/,movie,8.2,107,1999,"Drama, Mystery, Thriller",997931,1999-08-02,M. Night Shyamalan
7,tt0221027,2013-06-24,2013-06-24,,Blow,https://www.imdb.com/title/tt0221027/,movie,7.5,124,2001,"Biography, Crime, Drama",263682,2001-03-29,Ted Demme
8,tt1853728,2013-06-24,2013-06-24,,Django Unchained,https://www.imdb.com/title/tt1853728/,movie,8.4,165,2012,"Drama, Western",1566644,2012-12-11,Quentin Tarantino
9,tt0327056,2013-06-24,2013-06-24,,Mystic River,https://www.imdb.com/title/tt0327056/,movie,7.9,138,2003,"Crime, Drama, Mystery, Thriller",461294,2003-05-23,Clint Eastwood
10,tt0181875,2013-06-24,2013-06-24,,Almost Famous,https://www.imdb.com/title/tt0181875/,movie,7.9,122,2000,"Adventure, Comedy, Drama, Music",279842,2000-09-08,Cameron Crowe
11,tt0120815,2013-06-24,2013-06-24,,Saving Private Ryan,https://www.imdb.com/title/tt0120815/,movie,8.6,169,1998,"Drama, War",1400102,1998-07-21,Steven Spielberg
12,tt1345836,2013-06-24,2013-06-24,,The Dark Knight Rises,https://www.imdb.com/title/tt1345836/,movie,8.4,164,2012,"Action, Drama",1714986,2012-07-16,Christopher Nolan
13,tt0133093,2013-06-24,2013-06-24,,The Matrix,https://www.imdb.com/title/tt0133093/,movie,8.7,136,1999,"Action, Sci-Fi",1924166,1999-03-24,"Lilly Wachowski, Lana Wachowski"
14,tt1931533,2013-06-24,2013-06-24,,Seven Psychopaths,https://www.imdb.com/title/tt1931533/,movie,7.1,110,2012,"Comedy, Crime",262067,2012-09-07,Martin McDonagh
15,tt0286106,2013-06-24,2013-06-24,,Signs,https://www.imdb.com/title/tt0286106/,movie,6.8,106,2002,"Drama, Mystery, Sci-Fi, Thriller",367397,2002-07-29,M. Night Shyamalan
16,tt0477348,2013-06-24,2013-06-24,,No Country for Old Men,https://www.imdb.com/title/tt0477348/,movie,8.2,122,2007,"Crime, Drama, Thriller",982237,2007-05-19,"Ethan Coen, Joel Coen"
17,tt0132477,2013-06-24,2013-06-24,,October Sky,https://www.imdb.com/title/tt0132477/,movie,7.8,108,1999,"Biography, Drama, Family",92857,1999-02-19,Joe Johnston
18,tt0482571,2013-06-24,2013-06-24,,The Prestige,https://www.imdb.com/title/tt0482571/,movie,8.5,130,2006,"Drama, Mystery, Sci-Fi, Thriller",1341976,2006-10-17,Christopher Nolan
19,tt0468569,2013-06-24,2013-06-24,,The Dark Knight,https://www.imdb.com/title/tt0468569/,movie,9.0,152,2008,"Action, Crime, Drama, Thriller",2669424,2008-07-14,Christopher Nolan
20,tt0116282,2013-06-24,2013-06-24,,Fargo,https://www.imdb.com/title/tt0116282/,movie,8.1,98,1996,"Crime, Thriller",683663,1996-03-08,"Ethan Coen, Joel Coen"
21,tt0361748,2013-06-24,2013-06-24,,Inglourious Basterds,https://www.imdb.com/title/tt0361748/,movie,8.3,153,2009,"Adventure, Drama, War",1461393,2009-05-20,Quentin Tarantino
22,tt0443272,2013-06-24,2013-06-24,,Lincoln,https://www.imdb.com/title/tt0443272/,movie,7.3,150,2012,"Biography, Drama, History, War",263059,2012-10-08,Steven Spielberg
23,tt0190590,2013-06-24,2013-06-24,,"O Brother, Where Art Thou?",https://www.imdb.com/title/tt0190590/,movie,7.7,107,2000,"Adventure, Comedy, Crime, Music",316280,2000-05-13,"Ethan Coen, Joel Coen"
24,tt0119217,2013-06-24,2013-06-24,,Good Will Hunting,https://www.imdb.com/title/tt0119217/,movie,8.3,126,1997,"Drama, Romance",980776,1997-12-02,Gus Van Sant
25,tt0407887,2013-06-24,2013-06-24,,The Departed,https://www.imdb.com/title/tt0407887/,movie,8.5,151,2006,"Crime, Drama, Thriller",1333490,2006-09-26,Martin Scorsese
26,tt1568911,2013-06-24,2013-06-24,,War Horse,https://www.imdb.com/title/tt1568911/,movie,7.2,146,2011,"Action, Adventure, Drama, History, War",159690,2011-12-04,Steven Spielberg
27,tt0454876,2013-06-24,2013-06-24,,Life of Pi,https://www.imdb.com/title/tt0454876/,movie,7.9,127,2012,"Adventure, Drama, Fantasy",636659,2012-09-28,Ang Lee
28,tt0469494,2013-06-24,2013-06-24,,There Will Be Blood,https://www.imdb.com/title/tt0469494/,movie,8.2,158,2007,Drama,592300,2007-09-27,Paul Thomas Anderson
29,tt0139654,2013-06-24,2013-06-24,,Training Day,https://www.imdb.com/title/tt0139654/,movie,7.7,122,2001,"Action, Crime, Drama, Thriller",442196,2001-09-02,Antoine Fuqua
30,tt1037705,2013-06-24,2013-06-24,,The Book of Eli,https://www.imdb.com/title/tt1037705/,movie,6.8,118,2010,"Action, Adventure, Drama, Thriller",322311,2010-01-11,"Allen Hughes, Albert Hughes"
31,tt1212450,2013-06-24,2013-06-24,,Lawless,https://www.imdb.com/title/tt1212450/,movie,7.2,116,2012,"Biography, Crime, Drama",244734,2012-05-19,John Hillcoat
32,tt1907668,2013-06-24,2013-06-24,,Flight,https://www.imdb.com/title/tt1907668/,movie,7.3,138,2012,"Drama, Thriller",358473,2012-10-14,Robert Zemeckis
33,tt1024648,2013-06-24,2013-06-24,,Argo,https://www.imdb.com/title/tt1024648/,movie,7.7,120,2012,"Biography, Drama, Thriller",618680,2012-08-31,Ben Affleck
34,tt0217869,2013-06-24,2013-06-24,,Unbreakable,https://www.imdb.com/title/tt0217869/,movie,7.3,106,2000,"Drama, Mystery, Sci-Fi, Thriller",422108,2000-11-14,M. Night Shyamalan
35,tt0780504,2013-06-24,2013-06-24,,Drive,https://www.imdb.com/title/tt0780504/,movie,7.8,100,2011,"Action, Drama",649737,2011-05-20,Nicolas Winding Refn
36,tt0898367,2013-06-24,2013-06-24,,The Road,https://www.imdb.com/title/tt0898367/,movie,7.2,111,2009,"Drama, Fantasy",242379,2009-09-03,John Hillcoat
37,tt0328107,2013-06-24,2013-06-24,,Man on Fire,https://www.imdb.com/title/tt0328107/,movie,7.7,146,2004,"Action, Crime, Drama, Thriller",367447,2004-04-18,Tony Scott
38,tt0414993,2013-06-24,2013-06-24,,The Fountain,https://www.imdb.com/title/tt0414993/,movie,7.2,97,2006,"Drama, Mystery, Romance, Sci-Fi",241465,2006-09-04,Darren Aronofsky
39,tt1182345,2013-06-24,2013-06-24,,Moon,https://www.imdb.com/title/tt1182345/,movie,7.8,97,2009,"Drama, Mystery, Sci-Fi",362703,2009-01-23,Duncan Jones
40,tt0120889,2013-06-24,2013-06-24,,What Dreams May Come,https://www.imdb.com/title/tt0120889/,movie,6.9,113,1998,"Drama, Fantasy, Romance",110264,1998-09-28,Vincent Ward
41,tt1197624,2013-06-24,2013-06-24,,Law Abiding Citizen,https://www.imdb.com/title/tt1197624/,movie,7.4,109,2009,"Action, Crime, Drama, Thriller",301716,2009-09-23,F. Gary Gray
42,tt0416449,2013-06-24,2013-06-24,,300,https://www.imdb.com/title/tt0416449/,movie,7.6,117,2006,"Action, Drama",826611,2006-12-09,Zack Snyder
43,tt0206634,2013-06-24,2013-06-24,,Children of Men,https://www.imdb.com/title/tt0206634/,movie,7.9,109,2006,"Action, Drama, Sci-Fi, Thriller",505006,2006-09-03,Alfonso Cuar√≥n
44,tt1375666,2013-06-24,2013-06-24,,Inception,https://www.imdb.com/title/tt1375666/,movie,8.8,148,2010,"Action, Adventure, Sci-Fi, Thriller",2368097,2010-07-08,Christopher Nolan
45,tt0172495,2013-06-24,2013-06-24,,Gladiator,https://www.imdb.com/title/tt0172495/,movie,8.5,155,2000,"Action, Adventure, Drama",1509965,2000-05-01,Ridley Scott
46,tt1205489,2013-06-24,2013-06-24,,Gran Torino,https://www.imdb.com/title/tt1205489/,movie,8.1,116,2008,Drama,780879,2008-12-09,Clint Eastwood
47,tt0399146,2013-06-24,2013-06-24,,A History of Violence,https://www.imdb.com/title/tt0399146/,movie,7.4,96,2005,"Action, Crime, Drama, Thriller",241971,2005-05-16,David Cronenberg
48,tt0209144,2013-06-24,2013-06-24,,Memento,https://www.imdb.com/title/tt0209144/,movie,8.4,113,2000,"Mystery, Thriller",1245924,2000-09-05,Christopher Nolan
49,tt0499549,2013-06-24,2013-06-24,,Avatar,https://www.imdb.com/title/tt0499549/,movie,7.9,162,2009,"Action, Adventure, Fantasy, Sci-Fi",1316164,2009-12-10,James Cameron
50,tt0434409,2013-06-24,2013-06-24,,V for Vendetta,https://www.imdb.com/title/tt0434409/,movie,8.2,132,2005,"Action, Drama, Sci-Fi, Thriller",1128295,2005-12-11,James McTeigue
51,tt0758758,2013-06-24,2013-06-24,,Into the Wild,https://www.imdb.com/title/tt0758758/,movie,8.1,148,2007,"Adventure, Biography, Drama",627776,2007-09-01,Sean Penn
52,tt0765429,2013-06-24,2013-06-24,,American Gangster,https://www.imdb.com/title/tt0765429/,movie,7.8,157,2007,"Biography, Crime, Drama",430881,2007-10-19,Ridley Scott
53,tt1675192,2013-06-24,2013-06-24,,Take Shelter,https://www.imdb.com/title/tt1675192/,movie,7.3,121,2011,"Drama, Horror, Sci-Fi, Thriller",102288,2011-01-24,Jeff Nichols
54,tt0181689,2013-06-24,2013-06-24,,Minority Report,https://www.imdb.com/title/tt0181689/,movie,7.6,145,2002,"Action, Crime, Mystery, Sci-Fi, Thriller",557694,2002-06-17,Steven Spielberg
55,tt0251160,2013-06-24,2013-06-24,,John Q,https://www.imdb.com/title/tt0251160/,movie,7.1,116,2002,"Crime, Drama, Thriller",136670,2002-02-15,Nick Cassavetes
56,tt0210945,2013-06-24,2013-06-24,,Remember the Titans,https://www.imdb.com/title/tt0210945/,movie,7.8,113,2000,"Biography, Drama, Sport",218779,2000-09-23,Boaz Yakin
57,tt0816711,2013-06-24,2013-06-24,,World War Z,https://www.imdb.com/title/tt0816711/,movie,7.0,116,2013,"Action, Adventure, Horror, Sci-Fi",674748,2013-06-02,Marc Forster
58,tt0947798,2013-06-24,2013-06-24,,Black Swan,https://www.imdb.com/title/tt0947798/,movie,8.0,108,2010,"Drama, Thriller",774764,2010-09-01,Darren Aronofsky
59,tt0245844,2013-06-24,2013-06-24,,The Count of Monte Cristo,https://www.imdb.com/title/tt0245844/,movie,7.7,131,2002,"Action, Adventure, Drama, Thriller",140230,2002-01-23,Kevin Reynolds
60,tt1591095,2013-06-24,2013-06-24,,Insidious,https://www.imdb.com/title/tt1591095/,movie,6.8,103,2010,"Horror, Mystery, Thriller",313435,2010-09-14,James Wan
61,tt0264616,2013-06-24,2013-06-24,,Frailty,https://www.imdb.com/title/tt0264616/,movie,7.2,100,2001,"Crime, Drama, Thriller",85558,2001-11-17,Bill Paxton
62,tt0120601,2013-06-24,2013-06-24,,Being John Malkovich,https://www.imdb.com/title/tt0120601/,movie,7.8,113,1999,"Comedy, Drama, Fantasy",339411,1999-09-02,Spike Jonze
63,tt0112384,2013-06-24,2013-06-24,,Apollo 13,https://www.imdb.com/title/tt0112384/,movie,7.7,140,1995,"Adventure, Drama, History",299140,1995-06-22,Ron Howard
64,tt1527186,2013-06-24,2013-06-24,,Melancholia,https://www.imdb.com/title/tt1527186/,movie,7.1,135,2011,"Drama, Sci-Fi",185665,2011-05-18,Lars von Trier
65,tt1549572,2013-06-24,2013-06-24,,Another Earth,https://www.imdb.com/title/tt1549572/,movie,6.9,92,2011,"Drama, Romance, Sci-Fi",96905,2011-01-24,Mike Cahill
66,tt0478304,2013-06-24,2013-06-24,,The Tree of Life,https://www.imdb.com/title/tt0478304/,movie,6.8,139,2011,"Drama, Fantasy",178926,2011-05-16,Terrence Malick
67,tt0106677,2013-06-24,2013-06-24,,Dazed and Confused,https://www.imdb.com/title/tt0106677/,movie,7.6,103,1993,Comedy,187036,1993-06-04,Richard Linklater
68,tt1399683,2013-06-24,2013-06-24,,Winter's Bone,https://www.imdb.com/title/tt1399683/,movie,7.1,100,2010,"Drama, Mystery",144843,2010-01-21,Debra Granik
69,tt0338188,2013-06-24,2013-06-24,,The Missing,https://www.imdb.com/title/tt0338188/,movie,6.5,137,2003,"Adventure, Thriller, Western",36824,2003-11-26,Ron Howard
70,tt0407304,2013-06-24,2013-06-24,,War of the Worlds,https://www.imdb.com/title/tt0407304/,movie,6.5,116,2005,"Action, Adventure, Sci-Fi",453599,2005-06-13,Steven Spielberg
71,tt0120338,2013-06-24,2013-06-24,,Titanic,https://www.imdb.com/title/tt0120338/,movie,7.9,194,1997,"Drama, Romance",1186028,1997-11-01,James Cameron
72,tt0137523,2013-06-24,2013-06-24,,Fight Club,https://www.imdb.com/title/tt0137523/,movie,8.8,139,1999,Drama,2140823,1999-09-10,David Fincher
73,tt0208092,2013-06-24,2013-06-24,,Snatch,https://www.imdb.com/title/tt0208092/,movie,8.2,104,2000,"Comedy, Crime",862482,2000-08-23,Guy Ritchie
74,tt0265349,2013-06-24,2013-06-24,,The Mothman Prophecies,https://www.imdb.com/title/tt0265349/,movie,6.4,119,2002,"Drama, Horror, Mystery, Thriller",81709,2002-01-25,Mark Pellington
75,tt1119646,2013-06-24,2013-06-24,,The Hangover,https://www.imdb.com/title/tt1119646/,movie,7.7,100,2009,Comedy,793288,2009-05-30,Todd Phillips
76,tt0114746,2013-06-24,2013-06-24,,Twelve Monkeys,https://www.imdb.com/title/tt0114746/,movie,8.0,129,1995,"Mystery, Sci-Fi, Thriller",622709,1995-12-08,Terry Gilliam
77,tt0212985,2013-06-24,2013-06-24,,Hannibal,https://www.imdb.com/title/tt0212985/,movie,6.8,131,2001,"Crime, Drama, Thriller",278666,2001-02-09,Ridley Scott
78,tt0840361,2013-06-24,2013-06-24,,The Town,https://www.imdb.com/title/tt0840361/,movie,7.5,125,2010,"Crime, Drama, Thriller",395708,2010-09-08,Ben Affleck
79,tt1446714,2013-06-24,2013-06-24,,Prometheus,https://www.imdb.com/title/tt1446714/,movie,7.0,124,2012,"Adventure, Mystery, Sci-Fi",614922,2012-04-11,Ridley Scott
80,tt0365748,2013-06-24,2013-06-24,,Shaun of the Dead,https://www.imdb.com/title/tt0365748/,movie,7.9,99,2004,"Comedy, Horror",563615,2004-03-29,Edgar Wright
81,tt0120382,2013-06-24,2013-06-24,,The Truman Show,https://www.imdb.com/title/tt0120382/,movie,8.2,103,1998,"Comedy, Drama",1092019,1998-06-01,Peter Weir
82,tt0213149,2013-06-24,2013-06-24,,Pearl Harbor,https://www.imdb.com/title/tt0213149/,movie,6.2,183,2001,"Action, Drama, History, Romance, War",336619,2001-05-21,Michael Bay
83,tt0118715,2013-06-24,2013-06-24,,The Big Lebowski,https://www.imdb.com/title/tt0118715/,movie,8.1,117,1998,"Comedy, Crime",815014,1998-01-18,"Ethan Coen, Joel Coen"
84,tt0187393,2013-06-24,2013-06-24,,The Patriot,https://www.imdb.com/title/tt0187393/,movie,7.2,165,2000,"Action, Drama, History, War",278986,2000-06-27,Roland Emmerich
85,tt0335345,2013-06-24,2013-06-24,,The Passion of the Christ,https://www.imdb.com/title/tt0335345/,movie,7.2,127,2004,Drama,233907,2004-02-25,Mel Gibson
86,tt0382625,2013-06-24,2013-06-24,,The Da Vinci Code,https://www.imdb.com/title/tt0382625/,movie,6.6,149,2006,"Mystery, Thriller",437925,2006-05-17,Ron Howard
87,tt0289879,2013-06-24,2013-06-24,,The Butterfly Effect,https://www.imdb.com/title/tt0289879/,movie,7.6,113,2004,"Drama, Sci-Fi, Thriller",494680,2004-01-17,"J. Mackye Gruber, Eric Bress"
88,tt0265208,2013-06-24,2013-06-24,,The Girl Next Door,https://www.imdb.com/title/tt0265208/,movie,6.7,109,2004,"Comedy, Drama, Romance",227672,2004-02-18,Luke Greenfield
89,tt0910936,2013-06-24,2013-06-24,,Pineapple Express,https://www.imdb.com/title/tt0910936/,movie,6.9,111,2008,"Action, Comedy, Crime",343833,2008-07-31,David Gordon Green
90,tt1465522,2013-06-24,2013-06-24,,Tucker and Dale vs Evil,https://www.imdb.com/title/tt1465522/,movie,7.5,89,2010,"Comedy, Horror",183378,2010-01-22,Eli Craig
91,tt1637688,2013-06-24,2013-06-24,,In Time,https://www.imdb.com/title/tt1637688/,movie,6.7,109,2011,"Action, Sci-Fi, Thriller",416682,2011-10-20,Andrew Niccol
92,tt0399201,2013-06-24,2013-06-24,,The Island,https://www.imdb.com/title/tt0399201/,movie,6.8,136,2005,"Action, Sci-Fi, Thriller",318840,2005-07-11,Michael Bay
93,tt0319061,2013-06-24,2013-06-24,,Big Fish,https://www.imdb.com/title/tt0319061/,movie,8.0,125,2003,"Adventure, Drama, Fantasy, Romance",444432,2003-12-04,Tim Burton
94,tt1650062,2013-06-24,2013-06-24,,Super 8,https://www.imdb.com/title/tt1650062/,movie,7.0,112,2011,"Action, Mystery, Sci-Fi, Thriller",356772,2011-06-09,J.J. Abrams
95,tt1130884,2013-06-24,2013-06-24,,Shutter Island,https://www.imdb.com/title/tt1130884/,movie,8.2,138,2010,"Mystery, Thriller",1327876,2010-02-13,Martin Scorsese
96,tt0360717,2013-06-24,2013-06-24,,King Kong,https://www.imdb.com/title/tt0360717/,movie,7.2,187,2005,"Action, Adventure, Drama, Romance",428216,2005-12-05,Peter Jackson
97,tt0400525,2013-06-24,2013-06-24,,The Ice Harvest,https://www.imdb.com/title/tt0400525/,movie,6.2,92,2005,"Comedy, Crime, Drama, Thriller",24377,2005-09-03,Harold Ramis
98,tt0363547,2013-06-24,2013-06-24,,Dawn of the Dead,https://www.imdb.com/title/tt0363547/,movie,7.3,101,2004,"Action, Horror",258914,2004-03-10,Zack Snyder
99,tt0264464,2013-06-24,2013-06-24,,Catch Me If You Can,https://www.imdb.com/title/tt0264464/,movie,8.1,141,2002,"Biography, Crime, Drama",994070,2002-12-16,Steven Spielberg
100,tt0138704,2013-06-24,2013-06-24,,Pi,https://www.imdb.com/title/tt0138704/,movie,7.3,84,1998,"Drama, Horror, Mystery, Sci-Fi, Thriller",180546,1998-01-19,Darren Aronofsky
